;Case;Question;Answer 1;Answer 2;Answer 3;Answer 4;Answer 5;Correct Answer;Prediction LLM;Answer LLM
0;Eine 35-jährige Patientin wird in Begleitung des Notarztes in die Klinik gebracht. Die Patientin war auf ihrem Pferd geritten. Dies ging durch, und die Patientin ist mit der rechten Körperhälfte mit hoher Geschwindigkeit gegen ein Verkehrsschild geprallt. Bei Eintreffen des Notarztes GCS 8. Intubation vor Ort und Verbringen in das nächstgelegene Krankenhaus. Übergabe durch den Notarzt: intubierte Patientin, hochgradig volumenbedürftig mit hochlaufenden kreislaufwirksamen Medikamenten (Adrenalin). In der Untersuchung: Patientin im Stiffneck auf der Vakuummatratze, Pupillen anisokor, links größer als rechts. Lichtreagibel. Auskultation des Thorax: links abgeschwächtes Atemgeräusch. Becken stabil, Extremitäten nicht verletzt. Keine äußeren Blutungen. Abdomen prall. Aktuell Blutdruck 80/30 mmHg. Herzfrequenz 140/min. Erste arterielle Blutgasanalyse: pH-Wert 7,37, pCO<sub>2</sub> 35 mmHg, pO<sub>2</sub> 125 mmHg, Bikarbonat 25 mmol/L, BE -1 mmol/L. O<sub>2</sub>-Sättigung 99 %. Hb 42 g/L.;Welche der genannten Vorgehensweisen ist bei der Patientin als Nächstes am ehesten indiziert?;0) Anlage einer Hirndrucksonde;1) Polytrauma-CT-Spirale;2) MRT des Abdomens;3) Anlage einer Thoraxdrainage links;4) 12-Kanal-EKG;1;" Wenn Sie sich für einen Urlaub in einem Ferienpark entschieden haben, dann sind Sie schon<BENUTZER>iese Entscheidung richtig! Denn hier können Sie Ihren Urlaub wirklich genießen.
Die meisten Parks befinden sich in schönster Naturlandschaft oder direkt am Meer. Hier finden Sie Ruhe und Entspannung pur. Aber auch wenn SieBEGINANTWORTBEGINANTWORTlichen Sport treiben mö";-1
1;Eine 35-jährige Patientin wird in Begleitung des Notarztes in die Klinik gebracht. Die Patientin war auf ihrem Pferd geritten. Dies ging durch, und die Patientin ist mit der rechten Körperhälfte mit hoher Geschwindigkeit gegen ein Verkehrsschild geprallt. Bei Eintreffen des Notarztes GCS 8. Intubation vor Ort und Verbringen in das nächstgelegene Krankenhaus. Übergabe durch den Notarzt: intubierte Patientin, hochgradig volumenbedürftig mit hochlaufenden kreislaufwirksamen Medikamenten (Adrenalin). In der Untersuchung: Patientin im Stiffneck auf der Vakuummatratze, Pupillen anisokor, links größer als rechts. Lichtreagibel. Auskultation des Thorax: links abgeschwächtes Atemgeräusch. Becken stabil, Extremitäten nicht verletzt. Keine äußeren Blutungen. Abdomen prall. Aktuell Blutdruck 80/30 mmHg. Herzfrequenz 140/min. Erste arterielle Blutgasanalyse: pH-Wert 7,37, pCO<sub>2</sub> 35 mmHg, pO<sub>2</sub> 125 mmHg, Bikarbonat 25 mmol/L, BE -1 mmol/L. O<sub>2</sub>-Sättigung 99 %. Hb 42 g/L.;Bei weiterhin kritisch-instabiler Patientin sehen Sie ein großes intraperitoneal gelegenes Hämatom.  Welche der genannten Vorgehensweisen ist jetzt als Nächstes am ehesten indiziert?;0) abwartendes, konservatives Vorgehen;1) sofortige Notfalloperation;2) Punktion des Abdomens mit Anlage einer Drainage;3) Anlage einer Thoraxdrainage links;4) Angio-CT des Schädels;1;" Wenn man sich für einen Urlaub entschieden hat, dann sollte man auch wissen wo es überhaupt hingeht. Hierbei kann einem das Internet sehr behilflich sein. Man muss nur nach dem gewünschtem Reiseziel suchen und schon findet man viele verschiedene Seiten, welche Informationen zu diesem Thema bereithalten.
BEGINANTWORTlich gesprochen sind diese Seiten sehr gut struktur";-1
2;Ein 56 Jahre alter Herr kommt mit einem etwas breitbasigen Gangbild in die neurochirurgische Ambulanz. Er beklagt, dass er vor 4 Wochen relativ akut eine Verspannung in der rechten Schulter mit in den rechten Unterarm bis in die Finger II-IV ziehenden Schmerzen verspürt habe. Seitdem sei er zunehmend unsicher beim Gehen, und auch das Radfahren sei seitdem anstrengend geworden. Er berichtet, dass ihm kleinere Reparaturen am Haus, die er sonst gerne vorgenommen habe, nicht mehr gut von der Hand gingen. Bei der neurologischen Untersuchung sind die Eigenreflexe an den Beinen gesteigert, das Babinski-Zeichen ist beidseits positiv, das Lhermitte-Zeichen ist positiv, der Knie-Hacke-Versuch und der Seiltänzergang sind bei geschlossenen Augen ataktisch, bei offenen Augen kontrolliert. Die Kraft der Beinmuskeln entspricht insgesamt einem Kraftgrad 4-5. Die Ellbogenstreckung ist links abgeschwächt und der Trizepssehnenreflex links ausgefallen.;Welche der genannten diagnostisch-pathogenetischen Schlussfolgerungen ist/sind aufgrund der neurologischen Symptomatik am ehesten zu ziehen?  Es handelt sich um;0) eine durch eine Schädigung der Pyramidenbahnen erklärbare Gesamtsymptomatik;1) eine infolge einer Schädigung der linken Pyramidenbahn entstandene Muskelschwäche im linken Arm;2) eine auf einer Schädigung des Kleinhirns beruhende ataktische Symptomatik;3) ein durch eine Meningitis bedingtes Lhermitte-Zeichen;4) zentral bedingte neurologische Zeichen und radikulär bedingte Symptome;4;" Der Begriff „BEGINANTWORT“ stammt aus dem Französischen und bedeutet übersetzt „BEGINANTWORT“. Im Deutschen Sprachgebrauch hat dieser Ausdruck jedoch eine andere Bedeutung.
BEGINANTWORT heißt hierbei, jemanden nach seinem Belieben wechselnden oder austauschen zu können.
BEGINANTWORT (BEGINANTWORT)
Inhaltsverzeichnis
BEGINANTWORT (BEGINANTWORT)
BEGINANTWORT (BEGINANTWORT)
BEGINANTWORT (";-1
3;Ein 56 Jahre alter Herr kommt mit einem etwas breitbasigen Gangbild in die neurochirurgische Ambulanz. Er beklagt, dass er vor 4 Wochen relativ akut eine Verspannung in der rechten Schulter mit in den rechten Unterarm bis in die Finger II-IV ziehenden Schmerzen verspürt habe. Seitdem sei er zunehmend unsicher beim Gehen, und auch das Radfahren sei seitdem anstrengend geworden. Er berichtet, dass ihm kleinere Reparaturen am Haus, die er sonst gerne vorgenommen habe, nicht mehr gut von der Hand gingen. Bei der neurologischen Untersuchung sind die Eigenreflexe an den Beinen gesteigert, das Babinski-Zeichen ist beidseits positiv, das Lhermitte-Zeichen ist positiv, der Knie-Hacke-Versuch und der Seiltänzergang sind bei geschlossenen Augen ataktisch, bei offenen Augen kontrolliert. Die Kraft der Beinmuskeln entspricht insgesamt einem Kraftgrad 4-5. Die Ellbogenstreckung ist links abgeschwächt und der Trizepssehnenreflex links ausgefallen.;Welche der genannten Therapieoptionen einschließlich Begründung sollte man dem Patienten am ehesten anbieten?;0) Entfernung der Bandscheibe, um eine weitere Zunahme der Myelopathie zu verhindern;1) Verzicht auf eine Operation wegen schon eingetretenen Myelonschadens;2) Radiochemotherapie zur Entfernung des Wirbelsäulentumors;3) Wirbelkörperersatz zur Entfernung der degenerativen Wirbelkörperveränderungen;4) Verordnung neurotroper Medikamente zum Wiederaufbau des Myelons;0;" Das Projekt „BEGINANTWORT“<ASSISTENT>ENDFRAGE<ASSISTENT>ENDFRAGE<BENUTZER><ASSISTENT> (BEGINANTWORT)<ASSISTENT>é ENDANTWORT  wurde im Jahr 2017 entwickelt. Der Name leitet sich vom französischen Wort für Gefängnis – prison – ab.
Die Idee entstand aus einer Diskussion über die Möglichkeit eines Gefängnisses als Kunstprojekt. In diesem Rahmen wollten wir einen Ort schaffen, wo Menschen ihre Zeit verbringen können";-1
4;Bei der Früherkennungsuntersuchung auf Gebärmutterhalskrebs wird bei einer 45-jährigen Patientin mit klinisch unauffälliger Zervixschleimhaut ein Abstrich am Muttermund durchgeführt. Das Probenmaterial wird zytologisch untersucht, und erstmalig wird auch ein Screening auf humane Papillomaviren durchgeführt.;Welcher der folgenden Virustypen gehört hinsichtlich der Entstehung eines Zervixkarzinoms am ehesten zu den „Hochrisiko-Papillomaviren“?  HPV Typ;0) 1;1) 4;2) 11;3) 16;4) 20;3;" Wir sind Ihr kompetenter Partner für die Planung, Montage und Inbetriebnahme von Heizanlagen in allen Leistungen bis zur Großanlage im Bereich Fernwärmeversorgung.
BEGINANTWORT
BEGINANTWORT
BEGINANTWORT
Wir sind Ihr kompetenter Partner für die Planung, Montage und Inbetriebnahme von Heizanlagen in allen Leistungen bis zur Grossanlage im Bereich Fern";-1
